NAC2_code,TOTAL_UNITS,TOTAL1,TOTAL2,TOTAL3,TOTAL4,TOTAL5,TOTAL6,TOTAL7,TOTAL8,TOTAL9,TOTAL10,TOTAL1_2,MT1,MT2,MT3,MT4,MT5,MT6,MT7,MT8,MT9,MT10,MT1_2,FT1,FT2,FT3,FT4,FT5,FT6,FT7,FT8,FT9,FT10,FT1_2,WHT1,WHT2,WHT3,WHT4,WHT5,WHT6,WHT7,WHT8,WHT9,WHT10,WHT1_2,WHM1,WHM2,WHM3,WHM4,WHM5,WHM6,WHM7,WHM8,WHM9,WHM10,WHM1_2,WHF1,WHF2,WHF3,WHF4,WHF5,WHF6,WHF7,WHF8,WHF9,WHF10,WHF1_2,BLKT1,BLKT2,BLKT3,BLKT4,BLKT5,BLKT6,BLKT7,BLKT8,BLKT9,BLKT10,BLKT1_2,BLKM1,BLKM2,BLKM3,BLKM4,BLKM5,BLKM6,BLKM7,BLKM8,BLKM9,BLKM10,BLKM1_2,BLKF1,BLKF2,BLKF3,BLKF4,BLKF5,BLKF6,BLKF7,BLKF8,BLKF9,BLKF10,BLKF1_2,HISPT1,HISPT2,HISPT3,HISPT4,HISPT5,HISPT6,HISPT7,HISPT8,HISPT9,HISPT10,HISPT1_2,HISPM1,HISPM2,HISPM3,HISPM4,HISPM5,HISPM6,HISPM7,HISPM8,HISPM9,HISPM10,HISPM1_2,HISPF1,HISPF2,HISPF3,HISPF4,HISPF5,HISPF6,HISPF7,HISPF8,HISPF9,HISPF10,HISPF1_2,ASIANT1,ASIANT2,ASIANT3,ASIANT4,ASIANT5,ASIANT6,ASIANT7,ASIANT8,ASIANT9,ASIANT10,ASIANT1_2,ASIANM1,ASIANM2,ASIANM3,ASIANM4,ASIANM5,ASIANM6,ASIANM7,ASIANM8,ASIANM9,ASIANM10,ASIANM1_2,ASIANF1,ASIANF2,ASIANF3,ASIANF4,ASIANF5,ASIANF6,ASIANF7,ASIANF8,ASIANF9,ASIANF10,ASIANF1_2,AIANT1,AIANT2,AIANT3,AIANT4,AIANT5,AIANT6,AIANT7,AIANT8,AIANT9,AIANT10,AIANT1_2,AIANM1,AIANM2,AIANM3,AIANM4,AIANM5,AIANM6,AIANM7,AIANM8,AIANM9,AIANM10,AIANM1_2,AIANF1,AIANF2,AIANF3,AIANF4,AIANF5,AIANF6,AIANF7,AIANF8,AIANF9,AIANF10,AIANF1_2,nhopiT1,nhopiT2,nhopiT3,nhopiT4,nhopiT5,nhopiT6,nhopiT7,nhopiT8,nhopiT9,nhopiT10,nhopiT1_2,NHOPIM1,NHOPIM2,NHOPIM3,NHOPIM4,NHOPIM5,NHOPIM6,NHOPIM7,NHOPIM8,NHOPIM9,NHOPIM10,NHOPIM1_2,NHOPIF1,NHOPIF2,NHOPIF3,NHOPIF4,NHOPIF5,NHOPIF6,NHOPIF7,NHOPIF8,NHOPIF9,NHOPIF10,NHOPIF1_2,tomrT1,tomrT2,tomrT3,tomrT4,tomrT5,tomrT6,tomrT7,tomrT8,tomrT9,tomrT10,tomrT1_2,TOMRM1,TOMRM2,TOMRM3,TOMRM4,TOMRM5,TOMRM6,TOMRM7,TOMRM8,TOMRM9,TOMRM10,TOMRM1_2
11,1304,8536,14329,6501,7602,13526,12290,41270,165481,11897,300638,19206,6234,8911,3981,5415,3018,11063,32443,111283,7812,204765,14605,2302,5418,2520,2187,10508,1227,8827,54198,4085,95873,4601,3779,11144,4121,6505,8899,6097,13918,20692,2355,91122,13612,3162,6964,2534,4752,1726,5782,12014,14857,1587,63572,10194,617,4180,1587,1753,7173,315,1904,5835,768,27550,3418,59,456,329,131,476,603,4013,10584,619,17815,545,50,238,177,84,109,531,3127,7522,399,12622,385,9,218,152,47,367,72,886,3062,220,5193,160,4543,1530,1696,686,3600,5108,21316,128500,8355,179662,4328,2914,992,1066,425,1060,4348,15827,85450,5402,121013,3529,1629,538,630,261,2540,760,5489,43050,2953,58649,799,99,981,172,113,291,204,1061,3947,235,7544,441,71,583,84,79,65,149,708,2189,177,4406,301,28,398,88,34,226,55,353,1758,58,3138,140,11,49,91,22,80,144,329,615,47,1523,135,7,31,66,7,12,129,276,460,39,1128,101,4,18,25,15,68,15,53,155,8,395,34,6,46,27,60,42,56,289,658,36,1251,31,5,28,17,9,10,51,225,441,20,825,19,1,18,10,51,32,5,64,217,16,426,12,39,123,65,85,138,78,344,485,250,1721,114,25,75,37,59,36,73,266,364,188,1199,76
21,2277,6818,86351,30543,3391,28160,104050,86058,33442,3041,440969,59115,5976,60233,25630,2885,7445,102231,83306,32344,2413,372858,50395,842,26118,4913,506,20715,1819,2752,1098,628,68111,8720,6274,64973,22599,2967,20371,77819,59614,20476,1837,326576,49646,5543,46742,19012,2557,5447,76597,57847,19852,1473,277900,42830,731,18231,3587,410,14924,1222,1767,624,364,48676,6816,61,4476,1926,58,2214,4617,6095,2467,417,23948,1617,39,2478,1532,41,545,4530,5918,2378,366,18985,1158,22,1998,394,17,1669,87,177,89,51,4963,459,275,8103,4525,270,4295,17725,16944,9229,556,67153,5231,231,5268,3932,220,1085,17353,16375,8932,418,58220,4406,44,2835,593,50,3210,372,569,297,138,8933,825,132,6704,622,41,459,640,585,140,137,11062,1602,98,4381,461,25,139,620,529,134,96,7625,1142,34,2323,161,16,320,20,56,6,41,3437,460,30,730,376,20,381,2257,1449,486,46,6274,499,27,464,279,16,98,2170,1299,434,25,5247,435,3,266,97,4,283,87,150,52,21,1027,64,7,164,44,3,65,218,190,85,7,846,63,7,99,39,3,28,213,185,81,5,712,52,0,65,5,0,37,5,5,4,2,134,11,39,1201,451,32,375,774,1181,559,41,5110,457,31,801,375,23,103,748,1153,533,30,4169,372
22,2500,8247,123102,36005,3108,63196,113678,31629,10023,3402,458837,66447,6455,82538,30716,2069,15858,110334,29606,9259,2930,342033,52268,1792,40564,5289,1039,47338,3344,2023,764,472,116804,14179,7406,90560,28766,2261,37621,90313,23345,6726,2407,343650,54245,5874,63676,24797,1597,9425,88035,21856,6174,2087,267448,43927,1532,26884,3969,664,28196,2278,1489,552,320,76202,10318,330,10025,2856,403,13002,10099,3849,1336,575,47093,4618,205,5215,2239,167,2652,9447,3554,1232,463,28174,3000,125,4810,617,236,10350,652,295,104,112,18919,1618,231,9703,2810,267,9161,9356,3264,1556,296,40612,3968,171,5772,2404,176,2733,9111,3115,1477,270,28130,2901,60,3931,406,91,6428,245,149,79,26,12482,1067,198,10495,970,89,1887,1553,370,139,45,18403,2657,136,6432,786,65,634,1505,344,129,40,11797,1726,62,4063,184,24,1253,48,26,10,5,6606,931,35,613,256,14,453,1337,278,94,31,3484,373,30,380,213,11,103,1246,240,88,27,2627,289,5,233,43,3,350,91,38,6,4,857,84,5,244,40,8,192,197,109,28,7,930,100,5,147,31,5,59,189,105,26,5,648,76,0,97,9,3,133,8,4,2,2,282,24,42,1462,307,66,880,823,414,144,41,4665,486,34,916,246,48,252,801,392,133,38,3209,349
23,8581,31366,117085,49664,34254,102136,620632,144647,246973,12629,1502962,143576,27643,92768,46192,24628,29204,609609,139800,234317,9658,1341352,127533,3723,24317,3472,9626,72932,11023,4847,12656,2971,161610,16043,29083,94662,35760,27673,77604,388034,91495,119163,7214,991397,120709,25758,76466,33261,20142,21811,381524,88350,112238,5432,872704,107722,3325,18196,2499,7531,55793,6510,3145,6925,1782,118693,12987,290,4590,3713,1519,6242,41085,14905,28029,1533,105984,4078,233,3063,3495,944,1764,39686,14119,25869,1140,93683,3370,57,1527,218,575,4478,1399,786,2160,393,12301,708,1182,10035,7720,3140,12724,167419,33591,90927,3362,344070,13970,983,7709,7275,2230,3862,165074,32929,88180,2702,323589,12645,199,2326,445,910,8862,2345,662,2747,660,20481,1325,453,5392,1241,827,2847,7013,1058,1854,142,23374,2547,391,3784,1082,558,935,6910,1016,1731,98,18407,1902,62,1608,159,269,1912,103,42,123,44,4967,645,147,519,409,104,560,7497,1828,2713,130,14694,787,118,401,364,70,169,7158,1686,2332,94,13087,695,29,118,45,34,391,339,142,381,36,1607,92,47,392,174,161,506,3301,598,1321,76,6970,394,34,294,150,94,128,3216,582,1272,65,6177,342,13,98,24,67,378,85,16,49,11,793,52,164,1495,647,830,1653,6283,1172,2966,172,16473,1091,126,1051,565,590,535,6041,1118,2695,127,13705,857
31,6631,21965,88131,47012,70610,94661,135449,520531,468729,51210,1649922,151624,17344,47695,27454,48912,27428,119947,370916,268904,27048,1063477,107829,4621,40436,19558,21698,67233,15502,149615,199825,24162,586445,43795,18755,68195,28472,53505,63795,88279,232888,123103,21923,814190,115275,15035,37419,17865,36858,17234,81393,172817,78989,10969,551004,82425,3720,30776,10607,16647,46561,6886,60071,44114,10954,263186,32850,900,5847,6152,6302,9978,13825,100168,114840,9173,279005,11820,609,2706,3128,4594,3489,11300,71402,68450,5056,178717,7983,291,3141,3024,1708,6489,2525,28766,46390,4117,100288,3837,1354,6694,9307,7613,15513,26932,153009,179943,14512,431725,16848,999,3658,4791,5550,4942,22277,104033,91640,8128,258608,12590,355,3036,4516,2063,10571,4655,48976,88303,6384,173117,4258,758,5831,2210,1632,3500,4377,24378,40451,3997,92553,5419,560,3115,1184,946,1186,3182,15390,23437,2092,54420,3328,198,2716,1026,686,2314,1195,8988,17014,1905,38133,2091,51,261,222,272,461,888,3098,2811,201,8870,605,34,134,111,166,120,786,2096,1626,91,5586,422,17,127,111,106,341,102,1002,1185,110,3284,183,39,223,206,201,306,343,2776,4416,339,9200,351,26,123,113,114,100,296,2044,2646,211,5931,258,13,100,93,87,206,47,732,1770,128,3269,93,108,1080,443,1085,1108,805,4214,3165,1065,14379,1306,81,540,262,684,357,713,3134,2116,501,9211,823
32,11401,39568,329922,100185,119221,152008,279911,695174,275255,11948,2262470,259278,32043,200532,75461,74331,42045,259582,540935,192516,8289,1615195,189461,7525,129390,24724,44890,109963,20329,154239,82739,3659,647275,69817,35147,252426,74866,102106,116918,216456,434804,145149,7622,1598179,212685,28650,158327,57821,64744,31355,202548,348571,105057,5496,1160707,158138,6497,94099,17045,37362,85563,13908,86233,40092,2126,437472,54547,688,17012,9309,5428,12615,24047,114580,45578,1753,243862,12852,466,8208,6219,2924,3386,21254,86207,33192,1176,171802,8770,222,8804,3090,2504,9229,2793,28373,12386,577,72060,4082,1310,17179,8903,7282,15118,30052,107485,67643,2043,271968,14953,1027,9789,6764,4301,4860,27401,79256,43720,1299,189302,10885,283,7390,2139,2981,10258,2651,28229,23923,744,82666,4068,2069,38122,5379,2581,4838,5336,26018,11799,320,111901,15439,1644,21213,3415,1326,1671,4761,17383,6910,184,67974,9467,425,16909,1964,1255,3167,575,8635,4889,136,43927,5972,82,997,495,375,624,1863,4748,1498,60,11596,854,60,632,387,243,162,1691,3698,1111,41,8696,671,22,365,108,132,462,172,1050,387,19,2900,183,46,705,306,230,379,601,2213,1185,40,6065,360,30,412,224,122,128,554,1638,781,23,4158,246,16,293,82,108,251,47,575,404,17,1907,114,226,3481,927,1219,1516,1556,5326,2403,110,18899,2135,166,1951,631,671,483,1373,4182,1745,70,12556,1284
33,20978,98746,1143435,348169,193929,331631,667766,1574165,439470,29501,5367815,541003,83328,843991,289638,143133,111011,610332,1140196,311901,20485,3977434,423419,15418,299444,58531,50796,220620,57434,433969,127569,9016,1390381,117584,85811,839112,252253,164211,242679,489483,972336,232633,18098,3738567,441951,72710,631143,214794,123141,77539,455817,735861,169524,12672,2842824,349623,13101,207969,37459,41070,165140,33666,236475,63109,5426,895743,92328,1387,45356,24493,6494,26558,59630,248745,70969,4283,510255,22340,982,28146,18790,3966,9359,50711,167577,50540,3049,349039,15919,405,17210,5703,2528,17199,8919,81168,20429,1234,161216,6421,3038,61478,34412,10545,38445,80642,221414,108847,5638,593930,29471,2423,42876,27816,7157,14611,71920,154660,74696,3824,422483,22500,615,18602,6596,3388,23834,8722,66754,34151,1814,171447,6971,7608,179745,30247,9616,17257,27961,105248,19681,847,439087,40877,6510,129427,22766,6785,7007,22812,62879,11805,562,301278,30725,1098,50318,7481,2831,10250,5149,42369,7876,285,137809,10152,249,3655,1829,524,1464,3898,9017,2089,193,24704,1786,184,2560,1520,357,488,3530,6527,1539,114,18207,1388,65,1095,309,167,976,368,2490,550,79,6497,398,160,2701,1196,400,1173,1844,5293,1732,130,15668,1039,130,1859,966,256,434,1652,3546,1202,68,10863,750,30,842,230,144,739,192,1747,530,62,4805,289,493,11388,3739,2139,4055,4308,12112,3519,312,45604,3539,389,7980,2986,1471,1573,3890,9146,2595,196,32740,2514
42,8703,34731,202978,46548,311831,209968,63601,282241,211099,18504,1565785,184284,28256,120178,38922,197781,62957,59139,241422,148545,13885,1040073,128988,6475,82800,7626,114050,147011,4462,40819,62554,4619,525712,55296,30727,148293,32733,243392,142362,44264,147732,102859,10967,1049497,146168,25214,89306,28035,158219,41331,41960,130283,70233,8252,696146,103313,5513,58987,4698,85173,101031,2304,17449,32626,2715,353351,42855,449,11770,4190,23048,24378,5939,57031,36263,2832,176046,10146,297,5609,3128,11715,7307,5312,47813,28422,2333,118611,6675,152,6161,1062,11333,17071,627,9218,7841,499,57435,3471,1225,14448,5394,30967,28714,10209,60700,59251,3855,229610,14847,919,8166,4465,19673,9401,9069,50695,41053,2728,156683,10514,306,6282,929,11294,19313,1140,10005,18198,1127,72927,4333,2004,24655,3235,7776,9657,1916,10339,7804,433,78280,10461,1590,15021,2506,4645,3342,1622,7230,5112,294,48137,6775,414,9634,729,3131,6315,294,3109,2692,139,30143,3686,79,684,224,1281,851,405,1602,998,78,6749,547,61,376,174,697,242,370,1271,677,52,4305,385,18,308,50,584,609,35,331,321,26,2444,162,53,528,206,912,827,289,1519,1213,79,6068,442,43,291,147,529,290,274,1282,968,58,4168,286,10,237,59,383,537,15,237,245,21,1900,156,194,2600,566,4455,3179,579,3318,2711,260,19535,1673,132,1409,467,2303,1044,532,2848,2080,168,12023,1040
44,33379,29937,127958,103665,2313297,289785,123002,283545,331090,363030,4294160,328851,21835,60311,67639,1147786,91265,108157,210734,243524,192395,2355860,212214,8102,67647,36026,1165511,198520,14845,72811,87566,170635,1938300,116637,26070,93769,69442,1415373,189235,81512,158553,176724,216283,2679065,252104,19314,44614,46154,729798,57397,71188,118627,131980,112073,1495246,164101,6756,49155,23288,685575,131838,10324,39926,44744,104210,1183819,88003,797,8061,8988,357020,35998,8894,45832,55733,45877,591447,24247,510,3572,4963,160956,11446,7697,34482,41713,25780,305721,14602,287,4489,4025,196064,24552,1197,11350,14020,20097,285726,9645,1536,9258,15416,372571,45378,24277,61809,77062,71708,714200,35185,1065,4653,10819,178918,15570,22113,45215,54782,38820,395104,23149,471,4605,4597,193653,29808,2164,16594,22280,32888,319096,12036,1021,13827,6572,79680,9680,5229,8832,10736,15654,161979,10748,666,6068,3747,38862,3522,4444,6127,7333,8443,85654,6442,355,7759,2825,40818,6158,785,2705,3403,7211,76325,4306,82,376,610,13733,1457,586,1737,2002,2504,24413,1326,52,179,339,6300,474,510,1254,1451,1231,12605,815,30,197,271,7433,983,76,483,551,1273,11808,511,66,584,558,9928,1463,615,1712,2094,1616,19616,980,51,275,325,4606,518,545,1228,1457,922,10568,641,15,309,233,5322,945,70,484,637,694,9048,339,365,2083,2079,64992,6574,1889,5070,6739,9388,103440,4261,177,950,1292,28346,2338,1660,3801,4808,5126,50962,2464
45,18199,11589,157101,86730,1720230,543149,57492,133991,348872,245839,3522350,217357,7783,83204,22782,526916,256282,49703,79934,210251,120705,1474612,117052,3806,73897,63948,1193314,286867,7789,54057,138621,125134,2047738,100305,10051,106458,54855,968187,314719,37836,79141,170908,134445,2033607,157007,6813,54991,14640,309554,140778,33000,47223,105295,66344,864273,85635,3238,51467,40215,658633,173941,4836,31918,65613,68101,1169334,71372,243,8283,12025,331685,113177,7576,21849,76759,48339,641222,21286,140,3663,2190,88881,60091,6750,12604,47041,24235,255769,10174,103,4620,9835,242804,53086,826,9245,29718,24104,385453,11112,472,8808,11109,278013,75904,8463,24363,73504,44824,547053,21593,311,4439,3137,84279,35960,7269,14990,41895,20974,224818,11564,161,4369,7972,193734,39944,1194,9373,31609,23850,322235,10029,604,29417,6071,81300,18299,1957,4654,14514,9707,178566,12043,388,17984,2094,24414,8654,1224,2815,8059,4862,77461,6967,216,11433,3977,56886,9645,733,1839,6455,4845,101105,5076,20,534,683,13989,5354,497,1015,2656,1971,27917,1198,11,250,126,4050,2639,451,537,1620,987,11277,606,9,284,557,9939,2715,46,478,1036,984,16640,592,27,440,428,8670,3475,214,624,1954,1330,17942,780,18,239,136,2687,1694,194,393,1172,692,7583,358,9,201,292,5983,1781,20,231,782,638,10359,422,172,3161,1559,38386,12221,949,2345,8577,5223,76043,3450,102,1638,459,13051,6466,815,1372,5169,2611,33431,1748
48,8483,17711,179654,23917,90868,181038,196781,711692,189591,191163,1904502,122087,14139,141803,20323,33564,63390,191497,605848,155833,75776,1394089,91916,3572,37851,3594,57304,117648,5284,105844,33758,115387,510413,30171,14907,146500,17574,53278,108703,142948,400926,83038,98408,1158322,92040,12202,119838,15290,21609,38462,139590,352726,71568,35254,877413,70874,2705,26662,2284,31669,70241,3358,48200,11470,63154,280909,21166,740,10376,2356,15875,29320,20646,179883,53253,46385,370426,11592,495,6464,1762,4293,9508,19757,142212,42140,19594,254275,8050,245,3912,594,11582,19812,889,37671,11113,26791,116151,3542,1185,11445,2544,12952,28406,23206,95580,39125,26711,252764,11610,773,7840,2143,4857,9968,22550,80856,31454,12538,181384,8405,412,3605,401,8095,18438,656,14724,7671,14173,71380,3205,564,7972,861,5848,8776,5687,16508,6787,12213,69615,4399,433,5255,665,1816,3492,5535,14656,5023,5165,44950,2910,131,2717,196,4032,5284,152,1852,1764,7048,24665,1489,84,1059,175,453,1060,1722,4423,1388,1052,12013,597,64,813,144,141,343,1660,3798,1152,415,8984,454,20,246,31,312,717,62,625,236,637,3029,143,56,592,125,865,1611,941,5088,2759,2720,15377,620,35,417,98,194,479,861,4058,1913,1191,9642,396,21,175,27,671,1132,80,1030,846,1529,5735,224,175,1710,282,1597,3162,1631,9284,3241,3674,25985,1229,137,1176,221,654,1138,1544,7542,2583,1619,17441,827
49,3465,3574,23496,5150,10524,54852,31544,250906,277897,9623,747330,79764,2951,15579,3858,6778,19429,23524,213864,202699,7460,554228,58086,623,7917,1292,3746,35423,8020,37042,75198,2163,193102,21678,3140,17902,3570,7321,30310,16854,136328,118267,4465,391439,53282,2623,12403,2658,5105,10300,14497,118850,88579,3515,297803,39273,517,5499,912,2216,20010,2357,17478,29688,950,93636,14009,112,2109,572,1183,12005,4379,57492,89520,2395,183448,13681,73,1063,425,520,4168,3113,46773,63052,1789,130257,9281,39,1046,147,663,7837,1266,10719,26468,606,53191,4400,187,1768,604,1351,8985,6765,46273,52353,2368,129821,9167,145,1020,468,759,3392,3955,39276,38101,1856,95838,6866,42,748,136,592,5593,2810,6997,14252,512,33983,2301,101,1409,293,457,2240,3071,6760,8866,219,25510,2094,82,901,221,269,1061,1569,5670,6413,169,17904,1549,19,508,72,188,1179,1502,1090,2453,50,7606,545,5,83,27,35,227,140,1287,1816,45,4035,370,5,62,22,23,74,115,1076,1159,28,2834,270,0,21,5,12,153,25,211,657,17,1201,100,8,43,23,32,331,83,725,1440,23,2911,203,8,33,21,12,142,75,589,983,20,2030,147,0,10,2,20,189,8,136,457,3,881,56,21,182,61,145,754,252,2041,5635,108,10166,967,15,97,43,90,292,200,1630,4412,83,7562,700
51,8313,33919,589010,113769,149310,344538,109455,33369,22350,67462,1723784,260602,24826,375835,89734,84472,118782,100807,22905,12654,30787,1022679,161877,9093,213175,24035,64838,225756,8648,10464,9696,36675,701105,98725,28780,397563,74901,107753,196351,67459,20295,11644,39494,1138437,194197,21159,256859,59966,62448,69831,62560,14509,6935,16487,693530,122776,7621,140704,14935,45305,126520,4899,5786,4709,23007,444907,71421,845,38418,15140,17984,80700,20679,6082,5658,11189,214795,18100,494,19539,10493,8688,22489,18258,4046,2964,5558,101404,8875,351,18879,4647,9296,58211,2421,2036,2694,5631,113391,9225,1133,35418,13488,13673,42035,15296,4379,2970,11425,157331,17514,821,21570,11179,7540,16643,14497,2664,1624,6059,93071,10474,312,13848,2309,6133,25392,799,1715,1346,5366,64260,7040,2693,104114,6776,5408,12858,3590,1810,1101,2358,166504,25796,2041,69617,5348,3311,5253,3258,1118,542,1262,108575,16825,652,34497,1428,2097,7605,332,692,559,1096,57929,8971,88,1768,684,568,1802,514,260,134,428,7034,788,54,1150,558,291,619,477,200,72,196,4112,495,34,618,126,277,1183,37,60,62,232,2922,293,56,1787,394,483,1471,433,140,315,311,6121,731,42,1107,320,284,508,400,95,117,158,3444,413,14,680,74,199,963,33,45,198,153,2677,318,324,9942,2386,3441,9321,1484,403,528,2257,33562,3476,215,5993,1870,1910,3439,1357,273,400,1067,18543,2019
52,13458,94946,1267647,74103,170492,1249599,3738,12065,3429,13260,3414330,525051,66599,613572,40095,103630,307479,3183,6937,2478,7494,1422650,271183,28347,654075,34008,66862,942120,555,5128,951,5766,1991680,253868,83906,916393,48457,127046,739774,2823,7012,2434,8723,2345621,409053,59513,455422,26738,82034,183434,2477,4244,1813,5058,1037190,216457,24393,460971,21719,45012,556340,346,2768,621,3665,1308431,192596,2448,110331,8247,14370,252686,310,2179,363,2166,428580,35480,1270,35890,2929,6651,50880,237,1141,222,1166,112986,12600,1178,74441,5318,7719,201806,73,1038,141,1000,315594,22880,3258,77923,4803,17913,157343,382,1377,461,1624,295730,30646,2085,34104,2609,8756,43403,302,737,339,905,107105,13865,1173,43819,2194,9157,113940,80,640,122,719,188625,16781,4395,137861,10911,7360,56749,90,1219,71,417,261062,41989,3151,76298,6962,4113,17774,76,639,50,209,133746,24474,1244,61563,3949,3247,38975,14,580,21,208,127316,17515,232,3668,351,488,5804,22,57,21,86,12076,1347,147,1624,161,240,1232,19,30,17,40,4125,615,85,2044,190,248,4572,3,27,4,46,7951,732,124,3063,290,482,4983,10,34,15,64,10120,1055,70,1401,155,280,1307,8,22,9,32,3755,471,54,1662,135,202,3676,2,12,6,32,6365,584,583,18408,1044,2833,32260,101,187,64,180,61141,5481,363,8833,541,1556,9449,64,124,28,84,23743,2701
53,3131,16941,63108,11486,33800,90256,32107,38082,33881,48016,431114,63437,11988,31667,9256,19513,22602,31304,32890,28025,22400,243236,33591,4953,31441,2230,14287,67654,803,5192,5856,25616,187878,29846,15116,45253,6782,23581,53642,19404,20442,13071,21153,267332,48888,10891,23777,5535,14532,12981,18948,18142,10827,9639,152104,26832,4225,21476,1247,9049,40661,456,2300,2244,11514,115228,22056,480,5272,1833,4324,16305,3686,8351,6769,10978,62789,4791,269,1877,1270,2090,3924,3575,6721,5618,4808,32139,1987,211,3395,563,2234,12381,111,1630,1151,6170,30650,2804,668,5243,1930,3809,12680,7567,7368,12474,11235,68605,5631,414,2518,1715,1877,3512,7369,6378,10286,5895,42732,2768,254,2725,215,1932,9168,198,990,2188,5340,25873,2863,468,5844,524,867,4186,795,922,723,2719,19786,2738,290,2856,397,427,1314,778,803,598,1237,10080,1380,178,2988,127,440,2872,17,119,125,1482,9706,1358,53,203,65,173,494,187,380,132,276,2191,228,32,103,57,104,141,185,350,103,116,1317,126,21,100,8,69,353,2,30,29,160,874,102,27,270,128,156,625,156,223,225,367,2446,269,17,93,120,65,174,151,173,196,158,1264,117,10,177,8,91,451,5,50,29,209,1182,152,129,1023,224,890,2324,312,396,487,1288,7965,892,75,443,162,418,556,298,323,397,547,3600,381
54,18244,121055,1751132,234104,149657,524916,58323,70637,50762,55543,3560607,544478,88388,1090705,171274,88758,131286,54264,50852,33488,25138,2078858,344705,32667,660427,62830,60899,393630,4059,19785,17274,30405,1481749,199773,103232,1195670,162754,115852,326878,40365,38823,21252,27608,2438107,405673,75829,754689,120943,70362,78063,38013,29780,14406,12366,1449621,255170,27403,440981,41811,45490,248815,2352,9043,6846,15242,988486,150503,2706,111677,21714,11624,89566,5546,14239,11903,14870,308618,24773,1561,55628,14826,5606,21178,4800,9387,7204,6532,138583,11861,1145,56049,6888,6018,68388,746,4852,4699,8338,170035,12912,3783,94568,22062,10503,63700,9297,11250,13708,8884,263002,25247,2566,55284,16719,5697,17628,8646,7710,9340,4385,142847,14872,1217,39284,5343,4806,46072,651,3540,4368,4499,120155,10375,9843,310055,20930,7289,27774,1623,4351,1862,1767,465292,79798,7415,202463,14007,4764,9470,1437,2593,1178,799,301632,57506,2428,107592,6923,2525,18304,186,1758,684,968,163660,22292,277,5348,1607,483,2354,580,518,313,358,13404,1566,186,3190,1165,236,553,532,328,194,140,7555,1031,91,2158,442,247,1801,48,190,119,218,5849,535,238,4836,1255,438,2217,211,323,331,213,11274,1212,161,2874,948,247,648,201,222,212,113,6348,722,77,1962,307,191,1569,10,101,119,100,4926,490,976,28978,3782,3468,12427,701,1133,1393,1843,60910,6209,670,16577,2666,1846,3746,635,832,954,803,32272,3543
55,4297,30434,235076,29835,35902,139616,17634,22325,24352,42320,720123,142629,22252,121108,19742,21958,30711,16332,16910,16618,19379,367910,82900,8182,113968,10093,13944,108905,1302,5415,7734,22941,352213,59729,26922,172886,20085,28784,90362,12490,12175,10388,20691,508517,113734,19886,90938,13373,18139,19508,11744,9617,8263,9372,268184,67344,7036,81948,6712,10645,70854,746,2558,2125,11319,240333,46390,823,16739,3983,2091,22599,1364,3417,5472,11473,75890,7929,469,6407,2333,1038,4316,1197,2397,3429,5123,30278,3569,354,10332,1650,1053,18283,167,1020,2043,6350,45612,4360,1083,14119,3153,2833,16874,2848,4927,6656,7421,68958,9044,752,7087,2360,1640,4323,2648,3732,3892,3604,35229,5191,331,7032,793,1193,12551,200,1195,2764,3817,33729,3853,1241,26482,1939,1227,5529,412,1234,810,1169,49419,9376,908,14360,1221,641,1523,273,711,417,530,26032,5448,333,12122,718,586,4006,139,523,393,639,23387,3928,118,973,176,172,899,206,183,286,205,3718,500,73,472,124,93,194,181,156,178,85,1814,258,45,501,52,79,705,25,27,108,120,1904,242,51,712,94,198,591,82,155,122,197,2542,340,37,323,64,99,141,80,108,88,82,1197,175,14,389,30,99,450,2,47,34,115,1345,165,196,3165,405,597,2762,232,234,618,1164,11079,1706,127,1521,267,308,706,209,189,351,583,5176,915
56,13784,38636,310041,79540,107118,550639,104135,183280,360488,913683,2847725,200165,26618,147642,47262,52193,154814,96124,141404,237916,552825,1575854,119056,12018,162399,32278,54925,395825,8011,41876,122572,360858,1271871,81109,32712,209264,46818,68311,286709,60527,81829,101718,321464,1351683,142331,22875,102571,29529,34985,82845,56854,66556,69736,214405,765585,85229,9837,106693,17289,33326,203864,3673,15273,31982,107059,586098,57102,1737,34765,14488,19070,137314,12504,43925,95699,316701,697354,21151,1000,12038,6220,7573,31925,10567,31885,61848,180497,354659,11106,737,22727,8268,11497,105389,1937,12040,33851,136204,342695,10045,2097,24271,11242,13015,86026,26493,46985,143354,215577,591119,22059,1347,11263,7209,6474,26921,24694,35832,93998,118858,340493,13897,750,13008,4033,6541,59105,1799,11153,49356,96719,250626,8162,1499,33400,4763,2819,18278,1782,5378,8258,27748,114432,10507,1028,17778,2903,1440,6395,1475,3453,5052,19327,65480,6629,471,15622,1860,1379,11883,307,1925,3206,8421,48952,3878,150,1188,452,492,3319,938,1077,1739,5543,15668,770,97,557,253,206,924,851,778,1122,3400,8623,435,53,631,199,286,2395,87,299,617,2143,7045,335,86,1506,399,511,3236,601,1091,2590,6149,16857,688,58,723,287,218,979,541,792,1645,3711,9357,403,28,783,112,293,2257,60,299,945,2438,7500,285,355,5647,1378,2900,15757,1290,2995,7130,20501,60612,2659,213,2712,861,1297,4825,1142,2108,4515,12627,31657,1357
61,2557,13612,235960,7457,8551,70937,4147,4744,14180,49604,446508,37316,6835,82504,3888,3538,14586,3712,2898,8103,19077,160604,15463,6777,153456,3569,5013,56351,435,1846,6077,30527,285904,21853,11141,179748,4897,6098,45436,3030,2989,7995,24989,314774,28451,5821,64043,2609,2528,8927,2717,1884,4424,9429,114519,12137,5320,115705,2288,3570,36509,313,1105,3571,15560,200255,16314,883,20834,880,1045,10584,411,840,2569,12419,54270,3805,389,6602,434,422,2327,353,510,1478,5151,19031,1365,494,14232,446,623,8257,58,330,1091,7268,35239,2440,896,17048,1000,827,9078,527,700,2586,8629,43941,2650,315,5342,468,356,1935,475,378,1628,3066,15013,1050,581,11706,532,471,7143,52,322,958,5563,28928,1600,436,12659,469,307,3450,89,113,576,2075,21754,1580,202,4604,276,112,906,85,65,335,831,8049,633,234,8055,193,195,2544,4,48,241,1244,13705,947,31,695,35,31,317,23,20,86,197,1559,124,13,254,17,15,67,21,14,42,77,571,51,18,441,18,16,250,2,6,44,120,988,73,40,1200,41,29,516,18,27,90,283,2361,117,26,438,21,17,81,18,15,52,132,846,46,14,762,20,12,435,0,12,38,151,1515,71,185,3776,135,214,1556,49,55,278,1012,7849,589,69,1221,63,88,343,43,32,144,391,2575,181
62,37399,121714,3550630,1371459,45047,1311958,85298,85144,180087,2746878,10078043,579828,54393,710846,339125,11509,134079,66596,46761,70276,589306,2185416,162525,67321,2839784,1032334,33538,1177879,18702,38383,109811,2157572,7892627,417303,103331,2595866,876227,32258,815129,61474,48163,89847,1239933,6307564,445336,47043,491699,205132,7931,70786,49328,27175,39734,256888,1318706,122990,56288,2104167,671095,24327,744343,12146,20988,50113,983045,4988858,322346,7329,348337,249430,5607,232624,10512,20647,49406,898658,1883871,61321,2317,60108,52834,1608,25849,6353,10221,16649,191325,382519,15255,5012,288229,196596,3999,206775,4159,10426,32757,707333,1501352,46066,5154,198616,125172,4782,181866,8797,11125,28600,398307,999825,37406,2176,45755,39434,1303,22482,7318,6449,9565,85525,232323,12316,2978,152861,85738,3479,159384,1479,4676,19035,312782,767502,25090,4046,334870,85431,1125,48428,2491,3101,5007,126027,636267,25741,2081,95599,31260,337,10072,2008,1802,2322,36229,190565,8855,1965,239271,54171,788,38356,483,1299,2685,89798,445702,16886,419,13770,8165,217,7326,914,465,1505,19118,54150,2251,187,2949,2032,43,875,784,238,452,3914,12133,659,232,10821,6133,174,6451,130,227,1053,15204,42017,1592,292,14883,6494,228,5690,287,397,884,15066,46070,1849,131,3963,2336,44,959,232,213,323,3871,12659,587,161,10920,4158,184,4731,55,184,561,11195,33411,1262,1143,44288,20540,830,20895,823,1246,4838,49769,150296,5924,458,10773,6097,243,3056,573,663,1231,11554,36511,1863
71,3802,13642,97614,22484,47016,71606,40968,39215,61705,480386,944948,70312,9102,55476,17090,18419,22762,31120,29275,45662,238258,507978,40814,4540,42138,5394,28597,48844,9848,9940,16043,242128,436970,29498,11912,72703,17071,29127,48534,29325,26153,36300,276343,602035,54567,8030,40229,12999,11715,15660,22418,20177,26606,136623,326464,32007,3882,32474,4072,17412,32874,6907,5976,9694,139720,275571,22560,483,7840,1936,5354,7976,3346,4932,8564,71442,116678,4805,284,5229,1477,2008,2255,2293,3248,5892,35350,60662,2626,199,2611,459,3346,5721,1053,1684,2672,36092,56016,2179,650,8777,2161,7970,9047,5899,5749,13292,84856,144654,6253,416,5820,1687,2917,2903,4786,4275,10724,42887,80089,3674,234,2957,474,5053,6144,1113,1474,2568,41969,64565,2579,372,5184,678,2522,3427,1019,1210,1478,27666,46342,2786,220,2555,486,922,1082,656,795,963,13585,22747,1483,152,2629,192,1600,2345,363,415,515,14081,23595,1303,35,338,113,272,285,234,285,329,2691,4943,361,23,193,83,90,74,185,181,247,1314,2582,192,12,145,30,182,211,49,104,82,1377,2361,169,40,520,110,355,418,320,181,297,3072,5697,384,28,301,85,143,131,201,135,214,1615,3081,228,12,219,25,212,287,119,46,83,1457,2616,156,150,2252,415,1416,1919,825,705,1445,14316,24599,1156,101,1149,273,624,657,581,464,1016,6884,12353,604
72,27516,29598,45556,10820,60232,125764,46323,48878,118255,2452475,3164881,226980,18720,22015,7650,19429,33116,39359,31259,65624,1151409,1518666,130085,10878,23541,3170,40803,92648,6964,17619,52631,1301066,1646215,96895,23775,31303,6662,35291,65579,22284,19697,49094,1096740,1502441,152016,15216,15014,4756,11833,17054,19160,13309,24725,459433,668328,87828,8559,16289,1906,23458,48525,3124,6388,24369,637307,834113,64188,1575,4005,1440,9057,21475,6399,9830,24551,454881,555716,22503,893,1799,891,2785,5367,5319,6321,13605,221538,270553,12035,682,2206,549,6272,16108,1080,3509,10946,233343,285163,10468,2368,5151,1735,9203,21826,12390,13285,32376,663465,795344,33545,1539,2680,1307,2973,6182,10510,7803,20399,358384,431702,19925,829,2471,428,6230,15644,1880,5482,11977,305081,363642,13620,1143,3744,590,4116,11054,3523,4099,6231,132568,178922,11854,689,1815,428,1090,2997,3031,2627,3647,62875,85675,6476,454,1929,162,3026,8057,492,1472,2584,69693,93247,5378,250,160,81,381,661,288,541,1030,15898,20345,1055,108,86,59,110,179,233,180,481,6981,8929,512,142,74,22,271,482,55,361,549,8917,11416,543,154,347,87,565,1633,550,498,869,17519,23753,1531,85,185,66,123,358,389,364,556,8734,11691,831,69,162,21,442,1275,161,134,313,8785,12062,700,333,846,225,1619,3536,889,928,4104,71404,88360,4476,190,436,143,515,979,717,655,2211,33464,41788,2478
81,5381,21221,126694,32419,40326,106059,44239,79984,71994,217115,817664,77613,12628,49961,23299,23687,24522,41860,52526,39351,73029,382591,41728,8593,76733,9120,16639,81537,2379,27458,32643,144086,435073,35885,17694,88001,21725,25661,66283,30595,29931,25699,130938,494641,58114,10877,35971,15925,16226,14956,29016,22232,15160,37658,229837,31816,6817,52030,5800,9435,51327,1579,7699,10539,93280,264804,26298,1519,15620,4390,5796,16974,4124,21939,14378,38851,131349,7758,662,4949,2522,2681,3935,3854,14962,8680,16204,62058,3609,857,10671,1868,3115,13039,270,6977,5698,22647,69291,4149,960,11627,3906,6070,15177,7178,21546,26143,32708,132283,6968,519,4326,3115,3501,3650,6833,11568,12595,13491,63499,3901,441,7301,791,2569,11527,345,9978,13548,19217,68784,3067,699,8272,1606,1218,4184,1240,4419,3383,7548,35772,3203,390,3576,1215,629,1078,1141,2348,1456,2912,16359,1614,309,4696,391,589,3106,99,2071,1927,4636,19413,1589,82,557,200,193,604,352,504,297,847,3896,260,43,204,111,92,130,315,302,174,255,1769,143,39,353,89,101,474,37,202,123,592,2127,117,42,464,119,174,550,147,578,365,1066,3724,219,21,156,94,78,119,139,338,222,441,1728,120,21,308,25,96,431,8,240,143,625,1996,99,225,2153,473,1214,2287,603,1067,1729,5157,15999,1091,116,779,317,480,654,562,776,1064,2068,7341,525
92,229,997,20741,2665,726,5741,2097,1461,1276,6035,46760,5021,600,12722,1946,596,1178,1886,1199,965,3449,27641,3100,397,8019,719,130,4563,211,262,311,2586,19119,1921,823,15591,1831,533,3452,1389,598,653,2548,31317,3899,514,9936,1413,440,677,1267,477,433,1620,19312,2535,309,5655,418,93,2775,122,121,220,928,12005,1364,94,1665,311,47,1093,363,113,265,2702,7170,517,36,687,174,39,211,309,104,218,1319,3302,205,58,978,137,8,882,54,9,47,1383,3868,312,32,1140,352,117,824,160,587,241,499,4213,261,21,594,237,93,192,142,490,217,342,2476,148,11,546,115,24,632,18,97,24,157,1737,113,27,1746,113,14,179,92,126,58,138,2723,230,19,1126,84,10,53,84,98,47,73,1740,146,8,620,29,4,126,8,28,11,65,983,84,10,102,10,2,46,48,14,26,22,314,34,6,56,4,2,11,44,13,25,16,201,24,4,46,6,0,35,4,1,1,6,113,10,1,123,12,4,42,17,12,12,53,301,25,1,73,5,4,10,15,9,9,34,174,14,0,50,7,0,32,2,3,3,19,127,11,10,374,36,9,105,28,11,21,73,722,55,3,250,29,8,24,25,8,16,45,436,28